{"cameraMode":{"drawMode":0,"name":"Shaded","section":"Shading Mode"},"sceneLighting":true,"audioPlay":false,"sceneViewState":{"m_AlwaysRefresh":false,"showFog":true,"showSkybox":true,"showFlares":true,"showImageEffects":true,"showParticleSystems":true,"showVisualEffectGraphs":true,"m_FxEnabled":true},"in2DMode":false,"pivot":{"x":-1.9174774885177613,"y":0.1734035611152649,"z":-0.7777355909347534},"rotation":{"x":0.23769161105155946,"y":-0.5733423233032227,"z":0.17849233746528626,"w":0.7634950280189514},"size":3.565243721008301,"orthographic":false}